ad_title,make_orig,model_orig,price,mileage,kw,hp,subpage_link,Body type,Type,Drivetrain,Seats,Doors,Country version,Offer number,Warranty,Mileage,First registration,Previous owner,Non-smoker vehicle,Power,Gearbox,Engine size,Gears,Cylinders,Empty weight,Comfort & Convenience,Entertainment & Media,Safety & Security,Extras,Colour,Manufacturer colour,Upholstery colour,Upholstery,General inspection,Last service,Full service history,Paint,Production date,Last timing belt change,Model code
Ferrari F430 *** CERAMIC BRAKES / CARBON SEATS / ROLL CAGE ***,ferrari,f430,134950,28783,360,489,https://www.autoscout24.com/offers/ferrari-f430-ceramic-brakes-carbon-seats-roll-cage-gasoline-red-8b969b68-ee77-4f38-9c1b-5b17d9468d05,Coupe,Used,Rear,2,2,Belgium,OR89,12 months,"28,783 km",03/2005,2,Yes,360 kW (489 hp),Automatic,"4,308 cc",6,8,"1,450 kg",Air conditioningAutomatic climate controlElectrical side mirrorsElectrically heated windshieldLeather seatsLeather steering wheelMulti-function steering wheelPower windowsRain sensor,CD playerOn-board computerRadio,ABSCentral door lockCentral door lock with remote controlDaytime running lightsDriver-side airbagElectronic stability controlFog lightsImmobilizerPassenger-side airbagPower steeringTire pressure monitoring systemXenon headlights,Alloy wheelsShift paddlesSpoilerSport packageSport seatsSport suspension,Red,ROSSO SCUDERIA 323,Black,Full leather,,,,,,,
Lotus Elise Elise+1.8i+S,lotus,elise,28000,59500,116,158,https://www.autoscout24.com/offers/lotus-elise-elise-1-8i-s-gasoline-grey-d4008d74-70ad-4ca2-acae-976fc21116f4,Convertible,Used,Rear,2,2,,,,"59,500 km",01/2005,2,Yes,116 kW (158 hp),Manual,"1,796 cc",5,4,806 kg,Air conditioningLeather seatsPower windows,CD playerDigital radioRadioUSB,Alarm systemCentral door lockCentral door lock with remote controlImmobilizer,Alloy wheelsCatalytic ConverterRight hand driveSport seatsSport suspensionSummer tyres,Grey,,Black,Full leather,07/2025,07/2024,Yes,Metallic,,,
De Tomaso Pantera v8,de tomaso,pantera,102020,48299,,,https://www.autoscout24.com/offers/de-tomaso-pantera-v8-gasoline-e0159507-d509-4dff-8c41-4c03509d4972,Other,Antique / Classic,,,,,1971pantera,,"48,299 km",01/1971,,,,Manual,,,,,,,,,,,,,,,,,1971,,
Volvo P1800 p1800e,volvo,p1800,25870,88472,,,https://www.autoscout24.com/offers/volvo-p1800-p1800e-gasoline-fc67639b-97de-4e10-ad1e-fd2d0de2197d,Other,Antique / Classic,,,,,1972volvop1800e,,"88,472 km",01/1972,,,,Manual,,,,,,,,,,,,,,,,,1972,,
Porsche 911 targa 911S,porsche,911,52250,59883,,,https://www.autoscout24.com/offers/porsche-911-targa-911s-gasoline-d4472e8f-246f-4994-a7ad-2436581efb0b,Other,Antique / Classic,,,,,1974porsche911look,,"59,883 km",01/1974,,,,Manual,,,,,,,Fog lights,Spare tyre,,,,,,,,,1974,,
Subaru Impreza GT 218cv,subaru,impreza,30000,215000,160,218,https://www.autoscout24.com/offers/subaru-impreza-gt-218cv-gasoline-silver-cf4d4bd5-e10c-4b4c-97e9-40e612e76d27,Sedan,Used,4WD,5,4,,,,"215,000 km",08/1999,2,Yes,160 kW (218 hp),Manual,"1,994 cc",5,4,"1,350 kg",Electrical side mirrorsPower windowsSplit rear seats,Radio,ABSCentral door lockCentral door lock with remote controlDriver-side airbagFog lightsPassenger-side airbagPower steering,Alloy wheelsHeadlight washer systemSpare tyreSpoilerSummer tyresWinter tyres,Silver,,Blue,Cloth,08/2024,11/2023,Yes,Metallic,,08/2023,
Triumph TR6,triumph,tr6,23000,77500,76,103,https://www.autoscout24.com/offers/triumph-tr6-gasoline-white-f380a306-00a2-4471-a16f-59516f015c65,Convertible,Used,,2,2,,,,"77,500 km",09/1970,,,76 kW (103 hp),,,,,,,,,,White,,Black,,,,,,,,
Porsche 996 Cabrio 3.6 Carrera 4S - MANUALE - ONLY 82k km,porsche,996,62996,82000,235,320,https://www.autoscout24.com/offers/porsche-996-cabrio-3-6-carrera-4s-manuale-only-82k-km-gasoline-grey-b63961d8-7acf-4b78-829a-3d22cd606cab,Convertible,Used,4WD,4,2,,,,"82,000 km",01/2004,,,235 kW (320 hp),Manual,"3,596 cc",6,6,"1,565 kg",Automatic climate controlElectrical side mirrorsElectrically adjustable seatsFold flat passenger seatLeather seatsLeather steering wheelNavigation systemPark Distance ControlParking assist system sensors rearPower windowsSeat heatingSplit rear seatsSunroof,CD playerHands-free equipmentMP3On-board computerRadioSound system,ABSCentral door lockCentral door lock with remote controlDistance warning systemDriver-side airbagElectronic stability controlFog lightsGlare-free high beam headlightsPassenger-side airbagPower steeringSide airbagTraction controlXenon headlights,"Alloy wheels (18"")Emergency tyreHeadlight washer systemSpoilerSport packageSport seatsSport suspension",Grey,,Grey,Full leather,,07/2024,Yes,Metallic,,,
Rolls-Royce Corniche,rolls-royce,corniche,99900,18340,160,218,https://www.autoscout24.com/offers/rolls-royce-corniche-gasoline-gold-0f994532-fb4c-476d-8203-32453123e63c,Convertible,Used,Rear,4,2,,,,"18,340 km",12/1979,,Yes,160 kW (218 hp),Automatic,,,8,,"ArmrestAutomatic climate control, 2 zonesLeather seats",,,All season tyres,Gold,,Black,Full leather,06/2025,,Yes,Metallic,,,
Volkswagen T3 Caravelle T3/MULTIVAN/CARAVELLE Sy.C 255 597,volkswagen,t3 caravelle,34999,304568,51,69,https://www.autoscout24.com/offers/volkswagen-t3-caravelle-t3-multivan-caravelle-sy-c-255-597-diesel-red-5617c254-ae8e-4345-aeb0-dcea5e8534b0,Van,Used,4WD,4,3,,,,"304,568 km",10/1992,2,Yes,51 kW (69 hp),Manual,"1,588 cc",4,4,"1,710 kg",Auxiliary heating,RadioUSB,ABSFog lightsPower steering,Sliding doorSmoker's packageSpare tyreTrailer hitchWinter tyres,Red,,,Cloth,05/2025,03/2024,Yes,Others,,03/2024,
Porsche 930 911 TURBO *** COLLECTORS ITEM / FULL HISTORY ***,porsche,930,169950,64681,221,300,https://www.autoscout24.com/offers/porsche-930-911-turbo-collectors-item-full-history-gasoline-black-28fbc19f-043a-496b-8c5b-e31f694bd6dc,Coupe,Used,Rear,4,2,,OR29,12 months,"64,681 km",10/1982,,Yes,221 kW (300 hp),Manual,"3,300 cc",4,6,,Air conditioningElectrically adjustable seatsFold flat passenger seatLeather seatsLeather steering wheelPower windowsSplit rear seats,Radio,Central door lock,SpoilerSport packageSport seatsSport suspension,Black,Gloss Black,Black,Full leather,,,Yes,,,,
Porsche 996 3.6i Carrera Tiptronic,porsche,996,33900,174719,235,320,https://www.autoscout24.com/offers/porsche-996-3-6i-carrera-tiptronic-gasoline-black-b004001f-34ab-4a43-aa5b-e2ba411db2e0,Coupe,Used,Rear,4,2,,,,"174,719 km",10/2001,,Yes,235 kW (320 hp),Automatic,"3,596 cc",5,6,"1,485 kg",Air conditioningLeather seatsSunroof,On-board computer,ABSAlarm systemCentral door lockDriver-side airbagElectronic stability controlPassenger-side airbagSide airbagTraction control,Alloy wheels,Black,,Black,Full leather,,,Yes,,,,
Porsche 996 4S Coupé - OpenRoof - Manual - Full history,porsche,996,49900,110375,235,320,https://www.autoscout24.com/offers/porsche-996-4s-coupe-openroof-manual-full-history-gasoline-silver-336d0e7f-c197-403e-8e3d-1ebb4a694a1e,Coupe,Used,4WD,4,2,Belgium,,12 months,"110,375 km",02/2004,5,Yes,235 kW (320 hp),Manual,"3,596 cc",6,6,"1,430 kg",Air conditioningAutomatic climate controlLeather seatsSunroof,On-board computer,ABSAlarm systemCentral door lockCentral door lock with remote controlDriver-side airbagElectronic stability controlPassenger-side airbagSide airbagTraction control,Alloy wheels,Silver,Arctic Silver,Black,Full leather,,,Yes,Metallic,,,
Porsche 930 TURBO,porsche,930,94900,119710,221,300,https://www.autoscout24.com/offers/porsche-930-turbo-gasoline-blue-5bfc284f-168d-463e-b9e1-7a9752977fbe,Coupe,Used,Rear,,,,,,"119,710 km",01/1983,,,221 kW (300 hp),Manual,"3,300 cc",4,6,,Leather seatsSunroof,,,,Blue,,Grey,Full leather,,,,Metallic,,,
"Porsche 911 2,7l Targa",porsche,911,74900,76834,110,150,https://www.autoscout24.com/offers/porsche-911-2-7l-targa-gasoline-yellow-915509ce-8a7d-42a9-a7ac-592d399f742b,Other,Used,Rear,4,2,United States,,,"76,834 km",09/1974,,,110 kW (150 hp),Manual,"2,700 cc",5,6,,,,,,Yellow,Sahara,Black,Part leather,,,,,,,
Porsche 996 3.6i Coupé '40 Years',porsche,996,53000,102674,254,345,https://www.autoscout24.com/offers/porsche-996-3-6i-coupe-40-years-gasoline-silver-c6b318df-8a73-4b20-9812-9a06f3258a6d,Coupe,Used,Rear,4,2,Belgium,OK,,"102,674 km",06/2004,2,Yes,254 kW (345 hp),Manual,"3,596 cc",6,6,"1,370 kg",Air conditioning,On-board computer,ABSAlarm systemCentral door lockDriver-side airbagPassenger-side airbagSide airbag,Alloy wheels,Silver,,,,,,Yes,,,,
Porsche 944 TURBO,porsche,944,24900,246130,162,220,https://www.autoscout24.com/offers/porsche-944-turbo-gasoline-red-47d42b0e-d03d-4015-ab7b-031145c5877e,Coupe,Used,Rear,4,2,Germany,OK,,"246,130 km",12/1985,,,162 kW (220 hp),Manual,"2,479 cc",5,4,,Sunroof,,,,Red,Granat rot,Other,Cloth,,,Yes,Metallic,,,
Porsche Boxster,porsche,boxster,23000,102000,162,220,https://www.autoscout24.com/offers/porsche-boxster-gasoline-grey-6afdb551-63b7-447d-bd21-0de87a32e4b3,Convertible,Used,Rear,2,2,,,,"102,000 km",01/2001,,Yes,162 kW (220 hp),Automatic,,5,6,,Automatic climate controlElectrically adjustable seatsLeather seatsSeat heatingSunroof,,Alarm systemCentral door lockCentral door lock with remote control,,Grey,,Black,Full leather,10/2024,07/2024,Yes,Metallic,,,
MG MGA,mg,mga,27000,5081,70,95,https://www.autoscout24.com/offers/mg-mga-gasoline-red-831367a4-4c20-4bd5-8c1b-655d2bc6670c,Convertible,Used,,2,2,,,,"5,081 km",06/1960,2,,70 kW (95 hp),,,4,5,,Leather seats,,,,Red,,Brown,Full leather,,,,,,,
Opel Speedster ROADSTER 2.2 *** LIMITED EDITION NUMBER 3946 ***,opel,speedster,34950,41521,109,148,https://www.autoscout24.com/offers/opel-speedster-roadster-2-2-limited-edition-number-3946-gasoline-black-f9c1930e-1cf5-45e2-a09d-ac1d439d70a0,Convertible,Used,Rear,2,2,Belgium,OR34,12 months,"41,521 km",01/2003,2,Yes,109 kW (148 hp),Manual,"2,197 cc",5,4,870 kg,ArmrestLeather steering wheelLight sensorRain sensorSunroof,Radio,ABSAlarm systemCentral door lockDriver-side airbag,Alloy wheelsSport seatsSport suspension,Black,Black,Black,Part leather,,,Yes,Metallic,,,
"Jaguar XJ12 5,3 Aut. Pickerl NEU",jaguar,xj12,21980,77049,211,287,https://www.autoscout24.com/offers/jaguar-xj12-5-3-aut-pickerl-neu-gasoline-red-706617d9-9750-49f9-9403-74b150710f54,Sedan,Antique / Classic,Front,5,5,,573,,"77,049 km",02/1986,,,211 kW (287 hp),Automatic,"5,345 cc",,,,Air conditioningLeather seats,CD playerRadio,,Alloy wheels,Red,Rot,Beige,Full leather,,,,,,,
Land Rover Defender DEFENDER,land rover,defender,21200,168123,90,122,https://www.autoscout24.com/offers/land-rover-defender-defender-diesel-green-444070fc-f4a4-4c2f-86e0-77427080e246,Compact,Used,,2,3,,21203127,,"168,123 km",06/2001,,,90 kW (122 hp),Manual,"2,495 cc",,,,,,,,Green,Verde,,,,,,Others,,,
Ferrari 550 Maranello BARCHETTA PININFARINA- 1 of 448,ferrari,550,490000,27500,356,484,https://www.autoscout24.com/offers/ferrari-550-maranello-barchetta-pininfarina-1-of-448-gasoline-black-1e56dce8-ac4d-4706-832c-1564bcec6b9f,Convertible,Used,Rear,2,2,,21201855,,"27,500 km",12/2001,,,356 kW (484 hp),Manual,"5,474 cc",6,12,"1,765 kg",Air conditioningAir suspensionElectrical side mirrorsElectrically adjustable seatsLeather seatsPower windows,Radio,ABSAlarm systemCentral door lockDriver-side airbagFog lightsImmobilizerPassenger-side airbagPower steeringTraction control,Alloy wheels,Black,Nero,Red,Full leather,,,,Metallic,,,
Bentley Turbo R,bentley,turbo r,29900,8,286,389,https://www.autoscout24.com/offers/bentley-turbo-r-gasoline-blue-6193141d-ef9e-44a8-9a1f-666128074a27,Sedan,Used,Rear,5,4,Spain,13994233,,8 km,03/1998,,,286 kW (389 hp),Automatic,"6,750 cc",4,8,"2,430 kg",Air conditioningAutomatic climate controlElectrical side mirrorsPower windowsTinted windows,,ABSAlarm systemDriver-side airbagFog lightsImmobilizerPower steering,Alloy wheels,Blue,Azul,,,,,,Metallic,,,
Mercedes-Benz 280 C,mercedes-benz,280,39900,27400,,,https://www.autoscout24.com/offers/mercedes-benz-280-c-gasoline-silver-7a506e0e-7035-431c-8f41-e58c64aa3d43,Coupe,Antique / Classic,,,2,Spain,13994234,,"27,400 km",08/1973,,,,Automatic,"2,746 cc",,,,Air conditioning,,,,Silver,Plata,,,,,,,,,
Rover MINI 1.3i cat Cabriolet *ORIGINALE* *CONSERVATA*,rover,mini,29990,58416,46,63,https://www.autoscout24.com/offers/rover-mini-1-3i-cat-cabriolet-originale-conservata-gasoline-green-3b8a430b-7cc3-45ce-bd91-54b9271af39a,Convertible,Used,Front,4,2,,21201684,12 months,"58,416 km",06/1995,,,46 kW (63 hp),Manual,"1,275 cc",4,4,745 kg,,CD playerRadio,Fog lights,Alloy wheels,Green,Verde,,,,,,Metallic,,,
MINI 1300 cat Cabriolet *ORIGINALE*CONSERVATA*414 ESEMPLARI*,mini,1300,29990,58416,46,63,https://www.autoscout24.com/offers/mini-1300-cat-cabriolet-originale-conservata-414-esemplari-gasoline-green-c3578b23-a6e7-4079-9824-7d4931b29759,Convertible,Used,Front,4,2,,21201630,12 months,"58,416 km",06/1995,,,46 kW (63 hp),Manual,"1,275 cc",4,4,745 kg,,CD playerRadio,Fog lights,Alloy wheels,Green,Verde,,,,,,Metallic,,,
AC Cobra Gardner Douglas GD-350,ac,cobra,94990,10041,278,378,https://www.autoscout24.com/offers/ac-cobra-gardner-douglas-gd-350-gasoline-beige-abc9c414-0487-4595-bf4f-bdee52494f90,Convertible,Antique / Classic,Rear,2,2,,21201526,12 months,"10,041 km",01/1965,,,278 kW (378 hp),Manual,"5,700 cc",5,8,910 kg,Leather steering wheel,,,Alloy wheelsCatalytic Converter,Beige,Beige,Brown,Part leather,,,,Others,,,
Jeep Wrangler 4.0 cat Hard top (EU) *GPL* *CRS* *FINANZIABILE*,jeep,wrangler,23690,121561,130,177,https://www.autoscout24.com/offers/jeep-wrangler-4-0-cat-hard-top-eu-gpl-crs-finanziabile-gasoline-f7bf5c80-4f38-4442-87b2-f6c2a75eb84b,Off-Road/Pick-up,Used,4WD,4,3,,21201619,12 months,"121,561 km",03/1997,,Yes,130 kW (177 hp),Manual,"3,960 cc",5,6,"1,645 kg",Air conditioningArmrestLeather seatsLeather steering wheel,BluetoothHands-free equipmentMP3RadioUSB,Driver-side airbagImmobilizerPassenger-side airbagPower steering,Alloy wheelsCatalytic ConverterSpare tyreSport seats,,Viola,Black,Full leather,11/2025,,Yes,Others,,,
Ferrari 400 i *TARGHE E DOCUMENTI ORIGINALI* *UNIPROPRIETARIO*,ferrari,400,93990,113000,217,295,https://www.autoscout24.com/offers/ferrari-400-i-targhe-e-documenti-originali-uniproprietario-gasoline-grey-7d2c9387-c414-469a-a35e-2c8f52bde0fa,Compact,Antique / Classic,Rear,4,2,,21201540,12 months,"113,000 km",07/1983,,,217 kW (295 hp),Manual,"4,824 cc",5,12,"1,942 kg",Air conditioningAir suspensionElectrical side mirrorsLeather steering wheelPower windows,Radio,Central door lockFog lightsPower steering,Alloy wheels,Grey,Grigio,,,,,,Metallic,,,
Porsche 911 996 Carrera 4 cat Coupé #Body-Kit Originale GT3,porsche,911,34800,83400,221,300,https://www.autoscout24.com/offers/porsche-911-996-carrera-4-cat-coupe-body-kit-originale-gt3-gasoline-black-b4506431-c21d-4589-bfb7-316841542224,Coupe,Used,4WD,4,2,,21186565,,"83,400 km",10/1999,,,221 kW (300 hp),Manual,"3,387 cc",6,6,"1,450 kg",Air conditioningAutomatic climate controlElectrical side mirrorsElectrically adjustable seatsLeather seats,Radio,ABSAlarm systemCentral door lockDriver-side airbagElectronic stability controlFog lightsImmobilizerPassenger-side airbagPower steeringSide airbagTraction control,Alloy wheels,Black,Nero,Beige,Full leather,,,,Others,,,
Porsche 911 996 CARRERA 4S *** MANUAL / RECARO / BELGIAN ***,porsche,911,54950,179435,235,320,https://www.autoscout24.com/offers/porsche-911-996-carrera-4s-manual-recaro-belgian-gasoline-silver-dee4306f-5eea-466b-880c-bdf737d4c14a,Coupe,Used,4WD,4,2,,526dd2ea-d51f-40f4-b97e-56db7b46f24a,,"179,435 km",08/2002,2,,235 kW (320 hp),Manual,"3,596 cc",6,6,"1,430 kg",Air conditioningArmrestElectrically heated windshieldFold flat passenger seatLeather steering wheelPanorama roofPark Distance ControlParking assist system sensors frontParking assist system sensors rearPower windowsRain sensorSeat heatingSplit rear seatsSunroof,CD playerOn-board computerRadioSound system,ABSAlarm systemBi-Xenon headlightsCentral door lockCentral door lock with remote controlDriver-side airbagElectronic stability controlEmergency systemFog lightsPassenger-side airbagPower steeringSide airbagTire pressure monitoring systemTraction control,Alloy wheelsSpoilerSport packageSport seatsSport suspension,Silver,Arctic Silver,Other,Part leather,,,,Metallic,,,
Land Rover Series A H-Zulassung Motor überholt Softtop,land rover,series,29900,92695,51,69,https://www.autoscout24.com/offers/land-rover-series-a-h-zulassung-motor-ueberholt-softtop-gasoline-406344b8-12d5-4c34-b08a-4342f5564d47,Off-Road/Pick-up,Used,,,,,,,"92,695 km",07/1962,,,51 kW (69 hp),Manual,"2,236 cc",,,,,,,,,,,,New,,,,,,
Mercedes-Benz SL 500 / SL65 AMG Black Series,mercedes-benz,sl 500,42900,148000,225,306,https://www.autoscout24.com/offers/mercedes-benz-sl-500-sl65-amg-black-series-gasoline-black-a9cffcd4-8172-4d33-a3ec-4dd2fa5df749,Convertible,Used,,2,2,Germany,,,"148,000 km",10/2001,,,225 kW (306 hp),Automatic,"4,966 cc",,,,Air conditioningAir suspensionArmrestAutomatic climate controlCruise controlElectrical side mirrorsElectrically adjustable seatsKeyless central door lockLeather seatsLeather steering wheelLumbar supportMulti-function steering wheelNavigation systemPark Distance ControlParking assist system sensors frontParking assist system sensors rearPower windowsRain sensorSeat heatingSunroofTinted windows,CD playerHands-free equipmentOn-board computerRadioSound system,ABSAlarm systemBi-Xenon headlightsCentral door lockDriver-side airbagElectronic stability controlFog lightsPassenger-side airbagPower steeringSide airbagTire pressure monitoring system,Alloy wheelsAmbient lightingAutomatically dimming interior mirrorHeadlight washer systemSmoker's packageSummer tyresVoice ControlWinter package,Black,OBSIDIANSCHWARZ - METALLICLACK,Grey,Full leather,08/2025,,,Metallic,,,
Mercedes-Benz SL 560 Cabrio-Soft top-Hard Top,mercedes-benz,sl 560,27251,99000,230,313,https://www.autoscout24.com/offers/mercedes-benz-sl-560-cabrio-soft-top-hard-top-gasoline-red-3557a64c-714b-4555-b8f0-906e53bdb048,Convertible,Used,,,2,,,,"99,000 km",02/1987,,,230 kW (313 hp),Automatic,"5,547 cc",,8,"1,569 kg",Air conditioningLeather seats,,Central door lock,,Red,,,Full leather,,,,Metallic,,,
"Chevrolet Blazer 6,2 K5 -frame off restauriert-K30 Achsen-",chevrolet,blazer,39990,72000,96,131,https://www.autoscout24.com/offers/chevrolet-blazer-6-2-k5-frame-off-restauriert-k30-achsen-diesel-grey-9e0f8603-b82c-44e5-9019-fbeaeec72fb1,Off-Road/Pick-up,Antique / Classic,,,2,United States,,,"72,000 km",11/1984,3,Yes,96 kW (131 hp),Automatic,"6,174 cc",,8,,,,Power steering,Summer tyres,Grey,Stumpf-matt,Black,Cloth,07/2026,08/2024,,,,,
BMW 2002 tii,bmw,2002,38950,74000,,,https://www.autoscout24.com/offers/bmw-2002-tii-gasoline-e9007091-a6a8-419c-9320-f22b10195033,Coupe,Used,,,,,,,"74,000 km",04/1974,,,,,,,,,,,,,,,,,,,,,,,
Ferrari 512 BBi/Top Zustand/Zegna/Serviceheft/ZR neu!Pion,ferrari,512,239000,44700,250,340,https://www.autoscout24.com/offers/ferrari-512-bbi-top-zustand-zegna-serviceheft-zr-neu-pion-gasoline-red-d284e729-eb09-4f2a-806f-b984d6f0f45e,Coupe,Used,,2,2,Switzerland,,Yes,"44,700 km",04/1982,,,250 kW (340 hp),Manual,"4,909 cc",,12,,Air conditioningElectrical side mirrorsLeather steering wheelPower windows,RadioSound system,Central door lock,Alloy wheelsSport seatsSport suspensionSummer tyres,Red,Rosso Corsa,Black,Part leather,New,,Yes,,,,
BMW 3200 CS Coupé Bertone mit Stahlschiebedach,bmw,unknown,115000,80754,118,160,https://www.autoscout24.com/offers/bmw-others-3200-cs-coupe-bertone-mit-stahlschiebedach-gasoline-grey-eec07b6d-fbd8-450c-8c9a-e227a29c13c5,Coupe,Antique / Classic,,5,2,Germany,,,"80,754 km",11/1965,4,Yes,118 kW (160 hp),Manual,"3,146 cc",,8,,Leather seatsPower windowsSunroof,Radio,Fog lights,,Grey,Steingrau,,Full leather,New,06/2024,,,,,
BMW Z3 ROADSTER SCHNITZER KLIMA+LEDER+SPORTSITZ+TÜV+,bmw,z3,23890,47100,110,150,https://www.autoscout24.com/offers/bmw-z3-roadster-schnitzer-klima-leder-sportsitz-tuev-gasoline-silver-74eed5b0-bef6-4de2-bf47-82789d44ce9e,Convertible,Used,Rear,2,2,,85,12 months,"47,100 km",07/2000,,Yes,110 kW (150 hp),Manual,"1,991 cc",5,6,"1,345 kg",Air conditioningElectrical side mirrorsElectrically adjustable seatsLeather seatsLeather steering wheelPower windowsSeat heatingTinted windows,CD playerRadio,ABSCentral door lockDriver-side airbagFog lightsImmobilizerPassenger-side airbagPower steeringSide airbagTraction control,Alloy wheelsCatalytic ConverterSport seatsSport suspension,Silver,Titansilber,,Full leather,New,,,Metallic,,,0005/651
